Rule,File,Line,Column,Severity,Message
reportArgumentType,/workspace/app/validators/document_validator.py,58,82,error,"Expression of type ""None"" cannot be assigned to parameter of type ""DocumentType""
  ""None"" is not assignable to ""DocumentType"""
reportArgumentType,/workspace/app/worker/tasks/pdf2chunks.py,158,59,error,"Argument of type ""Match[str] | None"" cannot be assigned to parameter ""text"" of type ""str"" in function ""_match_hierarchy_element""
  Type ""Match[str] | None"" is not assignable to type ""str""
    ""Match[str]"" is not assignable to ""str"""
reportArgumentType,/workspace/app/worker/tasks/pdf2chunks.py,240,13,error,"Argument of type ""Dict[str, Any]"" cannot be assigned to parameter ""value"" of type ""str"" in function ""__setitem__""
  ""Dict[str, Any]"" is not assignable to ""str"""
reportArgumentType,/workspace/app/worker/tasks/pdf2chunks.py,259,35,error,"Argument of type ""str | None"" cannot be assigned to parameter ""title"" of type ""str"" in function ""__init__""
  Type ""str | None"" is not assignable to type ""str""
    ""None"" is not assignable to ""str"""
reportArgumentType,/workspace/app/worker/tasks/pdf2chunks.py,276,31,error,"Argument of type ""str | None"" cannot be assigned to parameter ""title"" of type ""str"" in function ""__init__""
  Type ""str | None"" is not assignable to type ""str""
    ""None"" is not assignable to ""str"""
reportArgumentType,/workspace/app/worker/tasks/preprocess_sn_o3.py,482,49,error,"Argument of type ""Ruling"" cannot be assigned to parameter ""ruling"" of type ""ParsedRuling"" in function ""enhance_entities_with_o3""
  ""Ruling"" is not assignable to ""ParsedRuling"""
reportArgumentType,/workspace/app/worker/tasks/preprocess_sn_o3.py,589,19,error,"Argument of type ""Path | None"" cannot be assigned to parameter ""file"" of type ""FileDescriptorOrPath"" in function ""open""
  Type ""Path | None"" is not assignable to type ""FileDescriptorOrPath""
    Type ""None"" is not assignable to type ""FileDescriptorOrPath""
      ""None"" is not assignable to ""int""
      ""None"" is not assignable to ""str""
      ""None"" is not assignable to ""bytes""
      ""None"" is incompatible with protocol ""PathLike[str]""
        ""__fspath__"" is not present
      ""None"" is incompatible with protocol ""PathLike[bytes]""
  ..."
reportArgumentType,/workspace/app/worker/tasks/preprocess_sn_o3.py,802,66,error,"Argument of type ""list[List[Dict[str, Any]] | None]"" cannot be assigned to parameter ""records"" of type ""List[Dict[str, Any]]"" in function ""validate_output""
  ""list[List[Dict[str, Any]] | None]"" is not assignable to ""List[Dict[str, Any]]""
    Type parameter ""_T@list"" is invariant, but ""List[Dict[str, Any]] | None"" is not the same as ""Dict[str, Any]""
    Consider switching from ""list"" to ""Sequence"" which is covariant"
reportArgumentType,/workspace/app/worker/tasks/sn.py,219,22,error,"Argument of type ""int | None"" cannot be assigned to parameter ""size"" of type ""int"" in function ""__init__""
  Type ""int | None"" is not assignable to type ""int""
    ""None"" is not assignable to ""int"""
reportArgumentType,/workspace/app/worker/tasks/sn.py,232,22,error,"Argument of type ""int | None"" cannot be assigned to parameter ""size"" of type ""int"" in function ""__init__""
  Type ""int | None"" is not assignable to type ""int""
    ""None"" is not assignable to ""int"""
reportArgumentType,/workspace/ingest/pdf2chunks.py,147,106,error,"Argument of type ""Match[str] | None"" cannot be assigned to parameter ""text"" of type ""str"" in function ""_match_hierarchy_element""
  Type ""Match[str] | None"" is not assignable to type ""str""
    ""Match[str]"" is not assignable to ""str"""
reportArgumentType,/workspace/ingest/pdf2chunks.py,226,30,error,"Argument of type ""dict[str, Dict[str, Any]]"" cannot be assigned to parameter ""m"" of type ""Iterable[tuple[str, str]]"" in function ""update""
  ""Literal['hierarchy']"" is not assignable to ""tuple[str, str]"""
reportArgumentType,/workspace/ingest/pdf2chunks.py,242,31,error,"Argument of type ""str | None"" cannot be assigned to parameter ""title"" of type ""str"" in function ""__init__""
  Type ""str | None"" is not assignable to type ""str""
    ""None"" is not assignable to ""str"""
reportArgumentType,/workspace/ingest/pdf2chunks.py,260,27,error,"Argument of type ""str | None"" cannot be assigned to parameter ""title"" of type ""str"" in function ""__init__""
  Type ""str | None"" is not assignable to type ""str""
    ""None"" is not assignable to ""str"""
reportArgumentType,/workspace/ingest/preprocess_sn_o3.py,526,19,error,"Argument of type ""Path | None"" cannot be assigned to parameter ""file"" of type ""FileDescriptorOrPath"" in function ""open""
  Type ""Path | None"" is not assignable to type ""FileDescriptorOrPath""
    Type ""None"" is not assignable to type ""FileDescriptorOrPath""
      ""None"" is not assignable to ""int""
      ""None"" is not assignable to ""str""
      ""None"" is not assignable to ""bytes""
      ""None"" is incompatible with protocol ""PathLike[str]""
        ""__fspath__"" is not present
      ""None"" is incompatible with protocol ""PathLike[bytes]""
  ..."
reportArgumentType,/workspace/ingest/preprocess_sn_o3.py,552,19,error,"Argument of type ""Path | None"" cannot be assigned to parameter ""file"" of type ""FileDescriptorOrPath"" in function ""open""
  Type ""Path | None"" is not assignable to type ""FileDescriptorOrPath""
    Type ""None"" is not assignable to type ""FileDescriptorOrPath""
      ""None"" is not assignable to ""int""
      ""None"" is not assignable to ""str""
      ""None"" is not assignable to ""bytes""
      ""None"" is incompatible with protocol ""PathLike[str]""
        ""__fspath__"" is not present
      ""None"" is incompatible with protocol ""PathLike[bytes]""
  ..."
reportArgumentType,/workspace/ingest/preprocess_sn_o3.py,755,66,error,"Argument of type ""list[List[Dict[str, Any]] | None]"" cannot be assigned to parameter ""records"" of type ""List[Dict[str, Any]]"" in function ""validate_output""
  ""list[List[Dict[str, Any]] | None]"" is not assignable to ""List[Dict[str, Any]]""
    Type parameter ""_T@list"" is invariant, but ""List[Dict[str, Any]] | None"" is not the same as ""Dict[str, Any]""
    Consider switching from ""list"" to ""Sequence"" which is covariant"
reportArgumentType,/workspace/ingest/sn.py,95,62,error,"Argument of type ""bool"" cannot be assigned to parameter ""whereclause"" of type ""_ColumnExpressionArgument[bool]"" in function ""where""
  Type ""bool"" is not assignable to type ""_ColumnExpressionArgument[bool]""
    ""bool"" is not assignable to ""ColumnElement[bool]""
    ""bool"" is incompatible with protocol ""_HasClauseElement[bool]""
      ""__clause_element__"" is not present
    ""bool"" is not assignable to ""SQLCoreOperations[bool]""
    ""bool"" is not assignable to ""ExpressionElementRole[bool]""
    ""bool"" is not assignable to ""TypedColumnsClauseRole[bool]""
    Type ""bool"" is not assignable to type ""() -> ColumnElement[bool]""
  ..."
reportArgumentType,/workspace/ingest/sn.py,210,53,error,"Argument of type ""int | None"" cannot be assigned to parameter ""size"" of type ""int"" in function ""__init__""
  Type ""int | None"" is not assignable to type ""int""
    ""None"" is not assignable to ""int"""
reportArgumentType,/workspace/ingest/sn.py,222,53,error,"Argument of type ""int | None"" cannot be assigned to parameter ""size"" of type ""int"" in function ""__init__""
  Type ""int | None"" is not assignable to type ""int""
    ""None"" is not assignable to ""int"""
reportArgumentType,/workspace/ingest/templates.py,100,66,error,"Argument of type ""Any | bool"" cannot be assigned to parameter ""whereclause"" of type ""_ColumnExpressionArgument[bool]"" in function ""where""
  Type ""Any | bool"" is not assignable to type ""_ColumnExpressionArgument[bool]""
    Type ""bool"" is not assignable to type ""_ColumnExpressionArgument[bool]""
      ""bool"" is not assignable to ""ColumnElement[bool]""
      ""bool"" is incompatible with protocol ""_HasClauseElement[bool]""
        ""__clause_element__"" is not present
      ""bool"" is not assignable to ""SQLCoreOperations[bool]""
      ""bool"" is not assignable to ""ExpressionElementRole[bool]""
      ""bool"" is not assignable to ""TypedColumnsClauseRole[bool]""
  ..."
reportArgumentType,/workspace/ingest/templates.py,136,30,error,"Argument of type ""Literal['keyword']"" cannot be assigned to parameter ""field_schema"" of type ""qdrant_client.conversions.common_types.PayloadSchemaType | None"" in function ""create_payload_index""
  Type ""Literal['keyword']"" is not assignable to type ""qdrant_client.conversions.common_types.PayloadSchemaType | None""
    ""Literal['keyword']"" is not assignable to ""PayloadSchemaType""
    ""Literal['keyword']"" is not assignable to ""KeywordIndexParams""
    ""Literal['keyword']"" is not assignable to ""IntegerIndexParams""
    ""Literal['keyword']"" is not assignable to ""FloatIndexParams""
    ""Literal['keyword']"" is not assignable to ""GeoIndexParams""
    ""Literal['keyword']"" is not assignable to ""TextIndexParams""
    ""Literal['keyword']"" is not assignable to ""BoolIndexParams""
  ..."
reportArgumentType,/workspace/ingest/templates.py,167,53,error,"Argument of type ""int | None"" cannot be assigned to parameter ""size"" of type ""int"" in function ""__init__""
  Type ""int | None"" is not assignable to type ""int""
    ""None"" is not assignable to ""int"""
reportArgumentType,/workspace/ingest/templates_preprocess.py,86,35,error,"Argument of type ""(t: Unknown = text) -> CoroutineType[Any, Any, Template | None]"" cannot be assigned to parameter ""object"" of type ""() -> Coroutine[Any, Any, Template]"" in function ""append""
  Type ""(t: Unknown = text) -> CoroutineType[Any, Any, Template | None]"" is not assignable to type ""() -> Coroutine[Any, Any, Template]""
    Function return type ""CoroutineType[Any, Any, Template | None]"" is incompatible with type ""Coroutine[Any, Any, Template]""
      ""CoroutineType[Any, Any, Template | None]"" is not assignable to ""Coroutine[Any, Any, Template]""
        Type parameter ""_ReturnT_nd_co@Coroutine"" is covariant, but ""Template | None"" is not a subtype of ""Template""
          Type ""Template | None"" is not assignable to type ""Template"""
reportArgumentType,/workspace/init_database.py,50,17,error,"Argument of type ""Literal['\n                SELECT tablename FROM pg_tables \n…']"" cannot be assigned to parameter ""statement"" of type ""Executable"" in function ""execute""
  ""Literal['\n                SELECT tablename FROM pg_tables \n…']"" is not assignable to ""Executable"""
reportArgumentType,/workspace/init_database.py,78,17,error,"Argument of type ""Literal['\n                SELECT tablename FROM pg_tables \n…']"" cannot be assigned to parameter ""statement"" of type ""Executable"" in function ""execute""
  ""Literal['\n                SELECT tablename FROM pg_tables \n…']"" is not assignable to ""Executable"""
reportArgumentType,/workspace/tests/integration/test_ai_functionality.py,111,29,error,"Argument of type ""Any | None"" cannot be assigned to parameter ""embedded_at"" of type ""datetime"" in function ""__init__""
  Type ""Any | None"" is not assignable to type ""datetime""
    ""None"" is not assignable to ""datetime"""
reportArgumentType,/workspace/tests/integration/test_api.py,138,29,error,"Argument of type ""bool"" cannot be assigned to parameter ""onclause"" of type ""_OnClauseArgument | None"" in function ""join""
  Type ""bool"" is not assignable to type ""_OnClauseArgument | None""
    ""bool"" is not assignable to ""ColumnElement[Any]""
    ""bool"" is incompatible with protocol ""_HasClauseElement[Any]""
      ""__clause_element__"" is not present
    ""bool"" is not assignable to ""SQLCoreOperations[Any]""
    ""bool"" is not assignable to ""ExpressionElementRole[Any]""
    ""bool"" is not assignable to ""TypedColumnsClauseRole[Any]""
    Type ""bool"" is not assignable to type ""() -> ColumnElement[Any]""
  ..."
reportArgumentType,/workspace/tests/integration/test_api.py,139,24,error,"Argument of type ""bool"" cannot be assigned to parameter ""whereclause"" of type ""_ColumnExpressionArgument[bool]"" in function ""where""
  Type ""bool"" is not assignable to type ""_ColumnExpressionArgument[bool]""
    ""bool"" is not assignable to ""ColumnElement[bool]""
    ""bool"" is incompatible with protocol ""_HasClauseElement[bool]""
      ""__clause_element__"" is not present
    ""bool"" is not assignable to ""SQLCoreOperations[bool]""
    ""bool"" is not assignable to ""ExpressionElementRole[bool]""
    ""bool"" is not assignable to ""TypedColumnsClauseRole[bool]""
    Type ""bool"" is not assignable to type ""() -> ColumnElement[bool]""
  ..."
reportArgumentType,/workspace/tests/integration/test_api.py,140,32,error,"Argument of type ""datetime | None"" cannot be assigned to parameter ""column"" of type ""_ColumnExpressionOrStrLabelArgument[_T@desc]"" in function ""desc""
  Type ""datetime | None"" is not assignable to type ""_ColumnExpressionOrStrLabelArgument[_T@desc]""
    Type ""datetime"" is not assignable to type ""_ColumnExpressionOrStrLabelArgument[_T@desc]""
      ""datetime"" is not assignable to ""LambdaElement""
      ""datetime"" is not assignable to ""str""
      ""datetime"" is not assignable to ""ColumnElement[_T@desc]""
      ""datetime"" is not assignable to ""ExpressionElementRole[_T@desc]""
      ""datetime"" is not assignable to ""SQLCoreOperations[_T@desc]""
      ""datetime"" is not assignable to ""TypedColumnsClauseRole[_T@desc]""
  ..."
reportArgumentType,/workspace/tests/integration/test_database_manager.py,138,95,error,"Argument of type ""None"" cannot be assigned to parameter ""orig"" of type ""BaseException"" in function ""__init__""
  ""None"" is not assignable to ""BaseException"""
reportArgumentType,/workspace/tests/integration/test_database_manager.py,337,96,error,"Argument of type ""None"" cannot be assigned to parameter ""orig"" of type ""BaseException"" in function ""__init__""
  ""None"" is not assignable to ""BaseException"""
reportArgumentType,/workspace/tests/unit/test_openai_integration.py,123,82,error,"Argument of type ""Literal['Request timeout']"" cannot be assigned to parameter ""request"" of type ""Request"" in function ""__init__""
  ""Literal['Request timeout']"" is not assignable to ""Request"""
reportArgumentType,/workspace/tests/unit/test_openai_integration.py,236,29,error,"Argument of type ""Literal['Timeout']"" cannot be assigned to parameter ""request"" of type ""Request"" in function ""__init__""
  ""Literal['Timeout']"" is not assignable to ""Request"""
reportAttributeAccessIssue,/workspace/app/services/optimized_statute_search.py,44,57,information,"Cannot access attribute ""_embedder"" for class ""OptimizedStatuteSearchService*""
  Attribute ""_embedder"" is unknown"
reportAttributeAccessIssue,/workspace/app/services/optimized_statute_search.py,52,17,information,"Cannot access attribute ""_embedder"" for class ""OptimizedStatuteSearchService*""
  Attribute ""_embedder"" is unknown"
reportAttributeAccessIssue,/workspace/app/services/optimized_statute_search.py,57,27,information,"Cannot access attribute ""_embedder"" for class ""OptimizedStatuteSearchService*""
  Attribute ""_embedder"" is unknown"
reportAttributeAccessIssue,/workspace/app/services/supreme_court_service.py,303,34,information,"Cannot access attribute ""__table__"" for class ""type[SNRuling]""
  Attribute ""__table__"" is unknown"
reportAttributeAccessIssue,/workspace/app/services/supreme_court_service.py,323,29,information,"Cannot access attribute ""meta"" for class ""RulingPayload""
  Attribute ""meta"" is unknown"
reportAttributeAccessIssue,/workspace/app/services/supreme_court_service.py,323,65,information,"Cannot access attribute ""meta"" for class ""RulingPayload""
  Attribute ""meta"" is unknown"
reportAttributeAccessIssue,/workspace/app/services/supreme_court_service.py,324,27,information,"Cannot access attribute ""meta"" for class ""RulingPayload""
  Attribute ""meta"" is unknown"
reportAttributeAccessIssue,/workspace/app/services/supreme_court_service.py,324,58,information,"Cannot access attribute ""meta"" for class ""RulingPayload""
  Attribute ""meta"" is unknown"
reportAttributeAccessIssue,/workspace/app/task_processors.py,301,30,information,"Cannot assign to attribute ""metadata"" for class ""Document""
  Expression of type ""dict[Any, Any]"" cannot be assigned to attribute ""metadata"" of class ""Document""
    ""dict[Any, Any]"" is not assignable to ""MetaData"""
reportAttributeAccessIssue,/workspace/app/task_processors.py,303,35,information,"Cannot access attribute ""update"" for class ""MetaData""
  Attribute ""update"" is unknown"
reportAttributeAccessIssue,/workspace/app/worker/tasks/case_tasks.py,234,46,information,"Cannot access attribute ""ilike"" for class ""str""
  Attribute ""ilike"" is unknown"
reportAttributeAccessIssue,/workspace/app/worker/tasks/case_tasks.py,235,51,information,"Cannot access attribute ""ilike"" for class ""str""
  Attribute ""ilike"" is unknown"
reportAttributeAccessIssue,/workspace/app/worker/tasks/case_tasks.py,236,46,information,"Cannot access attribute ""ilike"" for class ""str""
  Attribute ""ilike"" is unknown"
reportAttributeAccessIssue,/workspace/app/worker/tasks/embedding_tasks.py,255,38,information,"Cannot access attribute ""embedding_service"" for class ""WorkerServiceRegistry""
  Attribute ""embedding_service"" is unknown"
reportAttributeAccessIssue,/workspace/app/worker/tasks/ingestion_pipeline.py,24,28,information,"""generate_statute_embeddings"" is unknown import symbol"
reportAttributeAccessIssue,/workspace/app/worker/tasks/preprocess_sn_o3.py,342,38,information,"Cannot assign to attribute ""entities"" for class ""RulingParagraph""
  Attribute ""entities"" is unknown"
reportAttributeAccessIssue,/workspace/app/worker/tasks/preprocess_sn_o3.py,345,38,information,"Cannot assign to attribute ""entities"" for class ""RulingParagraph""
  Attribute ""entities"" is unknown"
reportAttributeAccessIssue,/workspace/app/worker/tasks/preprocess_sn_o3.py,491,28,information,"Cannot access attribute ""paragraphs"" for class ""List[bytes]""
  Attribute ""paragraphs"" is unknown"
reportAttributeAccessIssue,/workspace/app/worker/tasks/preprocess_sn_o3.py,674,39,information,"Cannot assign to attribute ""name"" for class ""Ruling""
  Type ""str | None"" is not assignable to type ""str""
    ""None"" is not assignable to ""str"""
reportAttributeAccessIssue,/workspace/app/worker/tasks/search_tasks.py,232,43,information,"Cannot access attribute ""get"" for class ""RulingPayload""
  Attribute ""get"" is unknown"
reportAttributeAccessIssue,/workspace/app/worker/tasks/search_tasks.py,233,45,information,"Cannot access attribute ""get"" for class ""RulingPayload""
  Attribute ""get"" is unknown"
reportAttributeAccessIssue,/workspace/app/worker/tasks/search_tasks.py,234,43,information,"Cannot access attribute ""get"" for class ""RulingPayload""
  Attribute ""get"" is unknown"
reportAttributeAccessIssue,/workspace/app/worker/tasks/search_tasks.py,235,51,information,"Cannot access attribute ""get"" for class ""RulingPayload""
  Attribute ""get"" is unknown"
reportAttributeAccessIssue,/workspace/app/worker/tasks/search_tasks.py,236,40,information,"Cannot access attribute ""get"" for class ""RulingPayload""
  Attribute ""get"" is unknown"
reportAttributeAccessIssue,/workspace/app/worker/tasks/search_tasks.py,237,41,information,"Cannot access attribute ""get"" for class ""RulingPayload""
  Attribute ""get"" is unknown"
reportAttributeAccessIssue,/workspace/app/worker/tasks/statute_tasks.py,183,32,information,"Cannot access attribute ""statute_ingestion"" for class ""WorkerServiceRegistry""
  Attribute ""statute_ingestion"" is unknown"
reportAttributeAccessIssue,/workspace/example_logger_usage.py,4,39,information,"""LOGGING_CONFIG"" is unknown import symbol"
reportAttributeAccessIssue,/workspace/example_logger_usage.py,7,5,information,"""configure_logging"" is unknown import symbol"
reportAttributeAccessIssue,/workspace/example_logger_usage.py,8,5,information,"""logger_manager"" is unknown import symbol"
reportAttributeAccessIssue,/workspace/example_logger_usage.py,9,5,information,"""LOGGING_PRESETS"" is unknown import symbol"
reportAttributeAccessIssue,/workspace/example_logger_usage.py,10,5,information,"""wrap_all_loggers"" is unknown import symbol"
reportAttributeAccessIssue,/workspace/example_service_logging.py,4,36,information,"""service_operation_logger"" is unknown import symbol"
reportAttributeAccessIssue,/workspace/ingest/ingest_pipeline.py,46,35,information,"Cannot access attribute ""qdrant"" for class ""Dict[Unknown, Unknown]""
  Attribute ""qdrant"" is unknown"
reportAttributeAccessIssue,/workspace/ingest/ingest_pipeline.py,47,35,information,"Cannot access attribute ""qdrant"" for class ""Dict[Unknown, Unknown]""
  Attribute ""qdrant"" is unknown"
reportAttributeAccessIssue,/workspace/ingest/ingest_pipeline.py,48,38,information,"Cannot access attribute ""qdrant"" for class ""Dict[Unknown, Unknown]""
  Attribute ""qdrant"" is unknown"
reportAttributeAccessIssue,/workspace/ingest/ingest_pipeline.py,48,82,information,"Cannot access attribute ""qdrant"" for class ""Dict[Unknown, Unknown]""
  Attribute ""qdrant"" is unknown"
reportAttributeAccessIssue,/workspace/ingest/ingest_pipeline.py,49,39,information,"Cannot access attribute ""qdrant"" for class ""Dict[Unknown, Unknown]""
  Attribute ""qdrant"" is unknown"
reportAttributeAccessIssue,/workspace/ingest/ingest_pipeline.py,50,38,information,"Cannot access attribute ""storage"" for class ""Dict[Unknown, Unknown]""
  Attribute ""storage"" is unknown"
reportAttributeAccessIssue,/workspace/ingest/ingest_pipeline.py,50,62,information,"Cannot access attribute ""storage"" for class ""Dict[Unknown, Unknown]""
  Attribute ""storage"" is unknown"
reportAttributeAccessIssue,/workspace/ingest/ingest_pipeline.py,51,36,information,"Cannot access attribute ""storage"" for class ""Dict[Unknown, Unknown]""
  Attribute ""storage"" is unknown"
reportAttributeAccessIssue,/workspace/ingest/ingest_pipeline.py,51,60,information,"Cannot access attribute ""storage"" for class ""Dict[Unknown, Unknown]""
  Attribute ""storage"" is unknown"
reportAttributeAccessIssue,/workspace/ingest/ingest_pipeline.py,65,44,information,"Cannot access attribute ""postgres"" for class ""Dict[Unknown, Unknown]""
  Attribute ""postgres"" is unknown"
reportAttributeAccessIssue,/workspace/ingest/preprocess_sn.py,74,26,information,"Cannot access attribute ""get_text"" for class ""Page""
  Attribute ""get_text"" is unknown"
reportAttributeAccessIssue,/workspace/ingest/preprocess_sn.py,129,16,information,"""open"" is not a known attribute of module ""fitz"""
reportAttributeAccessIssue,/workspace/ingest/preprocess_sn_o3.py,106,16,information,"""open"" is not a known attribute of module ""fitz"""
reportAttributeAccessIssue,/workspace/ingest/preprocess_sn_o3.py,304,42,information,"Cannot access attribute ""entities"" for class ""BaseModel""
  Attribute ""entities"" is unknown"
reportAttributeAccessIssue,/workspace/ingest/preprocess_sn_o3.py,622,39,information,"Cannot assign to attribute ""name"" for class ""Ruling""
  Type ""str | None"" is not assignable to type ""str""
    ""None"" is not assignable to ""str"""
reportAttributeAccessIssue,/workspace/ingest/refactored_ingest_pipeline.py,298,53,information,"Cannot access attribute ""get_ingestion_status"" for class ""None""
  Attribute ""get_ingestion_status"" is unknown"
reportAttributeAccessIssue,/workspace/ingest/refactored_ingest_pipeline.py,299,49,information,"Cannot access attribute ""get_sn_processing_status"" for class ""None""
  Attribute ""get_sn_processing_status"" is unknown"
reportAttributeAccessIssue,/workspace/ingest/refactored_ingest_pipeline.py,300,56,information,"Cannot access attribute ""get_embedding_statistics"" for class ""None""
  Attribute ""get_embedding_statistics"" is unknown"
reportAttributeAccessIssue,/workspace/ingest/templates_preprocess.py,80,24,information,"""open"" is not a known attribute of module ""fitz"""
reportAttributeAccessIssue,/workspace/tests/integration/conftest.py,49,22,information,"Cannot access attribute ""close"" for class ""DatabaseManager""
  Attribute ""close"" is unknown"
reportAttributeAccessIssue,/workspace/tests/integration/conftest.py,69,18,information,"Cannot access attribute ""aclose"" for class ""Redis[Any]""
  Attribute ""aclose"" is unknown"
reportAttributeAccessIssue,/workspace/tests/integration/test_api.py,21,26,information,"""AsyncSessionLocal"" is unknown import symbol"
reportAttributeAccessIssue,/workspace/tests/integration/test_api.py,21,45,information,"""init_db"" is unknown import symbol"
reportAttributeAccessIssue,/workspace/tests/integration/test_integration.py,14,5,information,"""initialize_services"" is unknown import symbol"
reportAttributeAccessIssue,/workspace/tests/integration/test_integration.py,481,48,information,"""cached_query"" is unknown import symbol"
reportAttributeAccessIssue,/workspace/tests/integration/test_integration_refactored.py,16,37,information,"""setup_structured_logging"" is unknown import symbol"
reportAttributeAccessIssue,/workspace/tests/integration/test_integration_refactored.py,17,26,information,"""initialize_services"" is unknown import symbol"
reportAttributeAccessIssue,/workspace/tests/integration/test_integration_refactored.py,190,42,information,"""get"" is not a known attribute of module ""app.core.service_container"""
reportAttributeAccessIssue,/workspace/tests/integration/test_integration_refactored.py,247,47,information,"""get"" is not a known attribute of module ""app.core.service_container"""
reportAttributeAccessIssue,/workspace/tests/integration/test_openai_integration.py,83,20,information,"""config"" is not a known attribute of module ""pytest"""
reportAttributeAccessIssue,/workspace/tests/integration/test_openai_integration.py,111,20,information,"""config"" is not a known attribute of module ""pytest"""
reportAttributeAccessIssue,/workspace/tests/integration/test_openai_integration.py,233,20,information,"""config"" is not a known attribute of module ""pytest"""
reportAttributeAccessIssue,/workspace/tests/integration/test_refactored_services.py,75,21,information,"Cannot assign to attribute ""_embedder"" for class ""StatuteSearchService""
  Attribute ""_embedder"" is unknown"
reportAttributeAccessIssue,/workspace/tests/integration/test_refactored_services.py,76,21,information,"Cannot assign to attribute ""_llm"" for class ""StatuteSearchService""
  Attribute ""_llm"" is unknown"
reportAttributeAccessIssue,/workspace/tests/integration/test_refactored_services.py,163,21,information,"Cannot assign to attribute ""_llm"" for class ""DocumentGenerationService""
  Attribute ""_llm"" is unknown"
reportAttributeAccessIssue,/workspace/tests/integration/test_streaming.py,16,30,information,"""ParalegalAgent"" is unknown import symbol"
reportAttributeAccessIssue,/workspace/tests/integration/test_streaming_handler.py,319,19,information,"Cannot assign to attribute ""transform"" for class ""MockStreamProcessor""
  Expression of type ""(event: StreamEvent) -> StreamEvent"" cannot be assigned to attribute ""transform"" of class ""MockStreamProcessor""
    ""FunctionType"" is not assignable to ""None"""
reportAttributeAccessIssue,/workspace/tests/integration/test_streaming_handler.py,378,26,information,"Cannot access attribute ""chunks_received"" for class ""MetricsCollector""
  Attribute ""chunks_received"" is unknown"
reportAttributeAccessIssue,/workspace/tests/integration/test_streaming_handler.py,379,26,information,"Cannot access attribute ""events_by_type"" for class ""MetricsCollector""
  Attribute ""events_by_type"" is unknown"
reportAttributeAccessIssue,/workspace/tests/integration/test_streaming_handler.py,380,26,information,"Cannot access attribute ""text_deltas"" for class ""MetricsCollector""
  Attribute ""text_deltas"" is unknown"
reportAttributeAccessIssue,/workspace/tests/integration/test_streaming_handler.py,381,26,information,"Cannot access attribute ""tool_calls"" for class ""MetricsCollector""
  Attribute ""tool_calls"" is unknown"
reportAttributeAccessIssue,/workspace/tests/integration/test_streaming_handler.py,382,26,information,"Cannot access attribute ""errors"" for class ""MetricsCollector""
  Attribute ""errors"" is unknown"
reportAttributeAccessIssue,/workspace/tests/integration/test_streaming_handler.py,383,26,information,"Cannot access attribute ""start_time"" for class ""MetricsCollector""
  Attribute ""start_time"" is unknown"
reportAttributeAccessIssue,/workspace/tests/integration/test_streaming_handler.py,402,19,information,"Cannot assign to attribute ""chunks_received"" for class ""MetricsCollector""
  Attribute ""chunks_received"" is unknown"
reportAttributeAccessIssue,/workspace/tests/integration/test_streaming_handler.py,419,19,information,"Cannot assign to attribute ""chunks_received"" for class ""MetricsCollector""
  Attribute ""chunks_received"" is unknown"
reportAttributeAccessIssue,/workspace/tests/integration/test_streaming_handler.py,420,19,information,"Cannot assign to attribute ""text_deltas"" for class ""MetricsCollector""
  Attribute ""text_deltas"" is unknown"
reportAttributeAccessIssue,/workspace/tests/integration/test_streaming_handler.py,421,19,information,"Cannot assign to attribute ""errors"" for class ""MetricsCollector""
  Attribute ""errors"" is unknown"
reportAttributeAccessIssue,/workspace/tests/integration/test_streaming_handler.py,425,26,information,"Cannot access attribute ""chunks_received"" for class ""MetricsCollector""
  Attribute ""chunks_received"" is unknown"
reportAttributeAccessIssue,/workspace/tests/integration/test_streaming_handler.py,426,26,information,"Cannot access attribute ""text_deltas"" for class ""MetricsCollector""
  Attribute ""text_deltas"" is unknown"
reportAttributeAccessIssue,/workspace/tests/integration/test_streaming_handler.py,427,26,information,"Cannot access attribute ""errors"" for class ""MetricsCollector""
  Attribute ""errors"" is unknown"
reportAttributeAccessIssue,/workspace/tests/integration/test_streaming_handler.py,428,26,information,"Cannot access attribute ""events_by_type"" for class ""MetricsCollector""
  Attribute ""events_by_type"" is unknown"
reportAttributeAccessIssue,/workspace/tests/unit/test_tool_registry.py,166,25,information,"Cannot access attribute ""name"" for class ""BaseModel""
  Attribute ""name"" is unknown"
reportAttributeAccessIssue,/workspace/tests/unit/test_tool_registry.py,167,25,information,"Cannot access attribute ""age"" for class ""BaseModel""
  Attribute ""age"" is unknown"
reportAttributeAccessIssue,/workspace/tests/unit/test_tool_registry.py,168,25,information,"Cannot access attribute ""active"" for class ""BaseModel""
  Attribute ""active"" is unknown"
reportCallIssue,/workspace/app/embedding_models/pipeline_schemas.py,26,15,error,"No overloads for ""Field"" match the provided arguments
  Argument types: (EllipsisType, Literal['^[A-Z0-9-]+)], Literal['Unique document identifier'])"
reportCallIssue,/workspace/app/embedding_models/pipeline_schemas.py,74,30,error,"No overloads for ""Field"" match the provided arguments
  Argument types: (EllipsisType, Literal[384], Literal[1536], Literal['Vector embedding of the chunk content'])"
reportCallIssue,/workspace/app/embedding_models/pipeline_schemas.py,101,34,error,"No overloads for ""Field"" match the provided arguments
  Argument types: (None, Literal['^[IVX]+ [A-Z]+ \\d+/\\d+)], Literal['Polish court case number format'])"
reportCallIssue,/workspace/app/main.py,94,22,error,"Argument missing for parameter ""llm_manager"""
reportCallIssue,/workspace/app/services/fallback_parser.py,84,22,error,"Arguments missing for parameters ""case_number"", ""court"", ""date"", ""decision"", ""reasoning"""
reportCallIssue,/workspace/app/services/openai_client.py,42,19,error,"Argument missing for parameter ""message"""
reportCallIssue,/workspace/app/services/openai_client.py,142,23,error,"Argument missing for parameter ""message"""
reportCallIssue,/workspace/app/services/openai_client.py,184,23,error,"Argument missing for parameter ""message"""
reportCallIssue,/workspace/app/services/openai_client.py,214,19,error,"Argument missing for parameter ""message"""
reportCallIssue,/workspace/app/services/optimized_statute_search.py,31,9,error,"Argument missing for parameter ""llm_manager"""
reportCallIssue,/workspace/app/worker/service_registry.py,97,48,error,"Argument missing for parameter ""llm_manager"""
reportCallIssue,/workspace/app/worker/tasks/embed.py,75,30,error,"Argument missing for parameter ""type"""
reportCallIssue,/workspace/app/worker/tasks/embed.py,81,30,error,"Argument missing for parameter ""type"""
reportCallIssue,/workspace/app/worker/tasks/embed.py,87,30,error,"Argument missing for parameter ""type"""
reportCallIssue,/workspace/app/worker/tasks/embed.py,308,78,error,"Argument missing for parameter ""type"""
reportCallIssue,/workspace/app/worker/tasks/embed.py,320,30,error,"Argument missing for parameter ""type"""
reportCallIssue,/workspace/app/worker/tasks/preprocess_sn_o3.py,589,14,error,"No overloads for ""open"" match the provided arguments"
reportCallIssue,/workspace/ingest/embed.py,75,30,error,"Argument missing for parameter ""type"""
reportCallIssue,/workspace/ingest/embed.py,81,30,error,"Argument missing for parameter ""type"""
reportCallIssue,/workspace/ingest/embed.py,87,30,error,"Argument missing for parameter ""type"""
reportCallIssue,/workspace/ingest/embed.py,308,26,error,"Argument missing for parameter ""type"""
reportCallIssue,/workspace/ingest/embed.py,320,30,error,"Argument missing for parameter ""type"""
reportCallIssue,/workspace/ingest/ingest_pipeline.py,145,21,error,"No parameter named ""metadata"""
reportCallIssue,/workspace/ingest/pdf2chunks.py,226,13,error,"No overloads for ""update"" match the provided arguments"
reportCallIssue,/workspace/ingest/preprocess_sn_o3.py,240,12,error,"Argument missing for parameter ""name"""
reportCallIssue,/workspace/ingest/preprocess_sn_o3.py,240,19,error,"No parameter named ""metadata"""
reportCallIssue,/workspace/ingest/preprocess_sn_o3.py,453,24,error,"Argument missing for parameter ""index"""
reportCallIssue,/workspace/ingest/preprocess_sn_o3.py,526,14,error,"No overloads for ""open"" match the provided arguments"
reportCallIssue,/workspace/ingest/preprocess_sn_o3.py,552,14,error,"No overloads for ""open"" match the provided arguments"
reportCallIssue,/workspace/ingest/test_preprocess_o3.py,68,50,error,"No parameter named ""max_workers"""
reportCallIssue,/workspace/init_database.py,49,28,error,"No overloads for ""execute"" match the provided arguments"
reportCallIssue,/workspace/init_database.py,77,28,error,"No overloads for ""execute"" match the provided arguments"
reportCallIssue,/workspace/tests/integration/test_ai_functionality.py,343,20,error,"Arguments missing for parameters ""date"", ""reasoning"""
reportCallIssue,/workspace/tests/integration/test_ai_functionality.py,389,26,error,"Arguments missing for parameters ""case_number"", ""court"", ""date"", ""decision"", ""reasoning"""
reportCallIssue,/workspace/tests/integration/test_database_manager.py,32,19,error,"Argument missing for parameter ""config_service"""
reportCallIssue,/workspace/tests/integration/test_database_manager.py,106,27,error,"Argument missing for parameter ""config_service"""
reportCallIssue,/workspace/tests/integration/test_integration.py,296,20,error,"Argument missing for parameter ""config_service"""
reportCallIssue,/workspace/tests/integration/test_integration.py,397,24,error,"Argument missing for parameter ""config_service"""
reportCallIssue,/workspace/tests/integration/test_refactored_services.py,71,23,error,"Arguments missing for parameters ""config_service"", ""llm_manager"""
reportCallIssue,/workspace/tests/integration/test_refactored_services.py,314,13,error,"Arguments missing for parameters ""config_service"", ""llm_manager"""
reportCallIssue,/workspace/tests/integration/test_refactored_services.py,352,23,error,"Arguments missing for parameters ""config_service"", ""llm_manager"""
reportCallIssue,/workspace/tests/unit/test_agent_sdk.py,24,13,error,"Arguments missing for parameters ""config_service"", ""conversation_manager"", ""tool_executor"""
reportCallIssue,/workspace/tests/unit/test_agent_sdk.py,56,13,error,"Arguments missing for parameters ""config_service"", ""conversation_manager"", ""tool_executor"""
reportCallIssue,/workspace/tests/unit/test_openai_integration.py,90,66,error,"Arguments missing for parameters ""request"", ""body"""
reportCallIssue,/workspace/tests/unit/test_openai_integration.py,203,28,error,"Arguments missing for parameters ""date"", ""decision"", ""reasoning"""
reportCallIssue,/workspace/tests/unit/test_openai_integration.py,215,30,error,"Arguments missing for parameters ""court"", ""date"", ""decision"", ""reasoning"""
reportCallIssue,/workspace/tests/unit/test_openai_integration.py,391,20,error,"Arguments missing for parameters ""case_number"", ""court"", ""date"", ""decision"", ""reasoning"""
reportCallIssue,/workspace/tests/unit/test_tool_executor.py,31,20,error,"Argument missing for parameter ""config_service"""
reportOptionalCall,/workspace/app/embedding_models/embedding_interface.py,189,26,error,"Object of type ""None"" cannot be called"
reportOptionalCall,/workspace/app/embedding_models/embedding_interface.py,196,27,error,"Object of type ""None"" cannot be called"
reportOptionalMemberAccess,/workspace/app/embedding_models/embedding_interface.py,75,33,error,"""encode"" is not a known attribute of ""None"""
reportOptionalMemberAccess,/workspace/app/embedding_models/embedding_interface.py,125,43,error,"""embeddings"" is not a known attribute of ""None"""
reportOptionalMemberAccess,/workspace/app/services/statute_search_service.py,404,47,error,"""group"" is not a known attribute of ""None"""
reportOptionalMemberAccess,/workspace/app/worker/tasks/ingestion_pipeline.py,80,60,error,"""id"" is not a known attribute of ""None"""
reportOptionalMemberAccess,/workspace/app/worker/tasks/ingestion_pipeline.py,148,56,error,"""id"" is not a known attribute of ""None"""
reportOptionalMemberAccess,/workspace/app/worker/tasks/ingestion_pipeline.py,178,60,error,"""id"" is not a known attribute of ""None"""
reportOptionalMemberAccess,/workspace/app/worker/tasks/preprocess_sn_o3.py,182,21,error,"""output_parsed"" is not a known attribute of ""None"""
reportOptionalMemberAccess,/workspace/app/worker/tasks/preprocess_sn_o3.py,186,25,error,"""output_parsed"" is not a known attribute of ""None"""
reportOptionalMemberAccess,/workspace/app/worker/tasks/preprocess_sn_o3.py,644,44,error,"""paragraphs"" is not a known attribute of ""None"""
reportOptionalMemberAccess,/workspace/ingest/preprocess_sn_o3.py,599,44,error,"""paragraphs"" is not a known attribute of ""None"""
reportOptionalMemberAccess,/workspace/tests/conftest.py,18,9,error,"""fixture"" is not a known attribute of ""None"""
reportOptionalMemberAccess,/workspace/tests/conftest.py,26,9,error,"""fixture"" is not a known attribute of ""None"""
reportOptionalMemberAccess,/workspace/tests/conftest.py,46,9,error,"""fixture"" is not a known attribute of ""None"""
reportOptionalMemberAccess,/workspace/tests/conftest.py,57,9,error,"""fixture"" is not a known attribute of ""None"""
reportOptionalMemberAccess,/workspace/tests/conftest.py,76,9,error,"""fixture"" is not a known attribute of ""None"""
reportOptionalMemberAccess,/workspace/tests/conftest.py,89,9,error,"""fixture"" is not a known attribute of ""None"""
reportOptionalMemberAccess,/workspace/tests/conftest.py,106,9,error,"""fixture"" is not a known attribute of ""None"""
reportOptionalMemberAccess,/workspace/tests/conftest.py,127,9,error,"""fixture"" is not a known attribute of ""None"""
reportOptionalMemberAccess,/workspace/tests/conftest.py,157,9,error,"""fixture"" is not a known attribute of ""None"""
reportOptionalMemberAccess,/workspace/tests/conftest.py,198,24,error,"""mark"" is not a known attribute of ""None"""
reportOptionalMemberAccess,/workspace/tests/integration/conftest.py,23,9,error,"""fixture"" is not a known attribute of ""None"""
reportOptionalMemberAccess,/workspace/tests/integration/conftest.py,31,9,error,"""fixture"" is not a known attribute of ""None"""
reportOptionalMemberAccess,/workspace/tests/integration/conftest.py,43,9,error,"""fixture"" is not a known attribute of ""None"""
reportOptionalMemberAccess,/workspace/tests/integration/conftest.py,52,9,error,"""fixture"" is not a known attribute of ""None"""
reportOptionalMemberAccess,/workspace/tests/integration/conftest.py,64,9,error,"""fixture"" is not a known attribute of ""None"""
reportOptionalMemberAccess,/workspace/tests/integration/conftest.py,72,9,error,"""fixture"" is not a known attribute of ""None"""
reportOptionalMemberAccess,/workspace/tests/integration/test_ai_functionality.py,155,43,error,"""case_number"" is not a known attribute of ""None"""
reportOptionalMemberAccess,/workspace/tests/integration/test_ai_functionality.py,156,58,error,"""parties"" is not a known attribute of ""None"""
reportOptionalMemberAccess,/workspace/tests/integration/test_ai_functionality.py,157,47,error,"""legal_basis"" is not a known attribute of ""None"""
reportOptionalMemberAccess,/workspace/tests/unit/conftest.py,15,9,error,"""fixture"" is not a known attribute of ""None"""
reportOptionalMemberAccess,/workspace/tests/unit/conftest.py,25,9,error,"""fixture"" is not a known attribute of ""None"""
reportOptionalMemberAccess,/workspace/tests/unit/conftest.py,40,9,error,"""fixture"" is not a known attribute of ""None"""
reportOptionalMemberAccess,/workspace/tests/unit/conftest.py,48,9,error,"""fixture"" is not a known attribute of ""None"""
reportOptionalMemberAccess,/workspace/tests/unit/test_openai_integration.py,73,34,error,"""case_number"" is not a known attribute of ""None"""
reportOptionalMemberAccess,/workspace/tests/unit/test_openai_integration.py,74,34,error,"""court"" is not a known attribute of ""None"""
reportOptionalMemberAccess,/workspace/tests/unit/test_openai_integration.py,75,38,error,"""parties"" is not a known attribute of ""None"""
reportOptionalMemberAccess,/workspace/tests/unit/test_openai_integration.py,76,49,error,"""parties"" is not a known attribute of ""None"""
reportOptionalMemberAccess,/workspace/tests/unit/test_openai_integration.py,77,38,error,"""legal_basis"" is not a known attribute of ""None"""
reportOptionalMemberAccess,/workspace/tests/unit/test_openai_integration.py,78,53,error,"""legal_basis"" is not a known attribute of ""None"""
reportOptionalMemberAccess,/workspace/tests/unit/test_openai_integration.py,248,34,error,"""case_number"" is not a known attribute of ""None"""
reportReturnType,/workspace/app/embedding_models/embedding_interface.py,91,16,error,"Type ""int | None"" is not assignable to return type ""int""
  Type ""int | None"" is not assignable to type ""int""
    ""None"" is not assignable to ""int"""
reportReturnType,/workspace/app/services/openai_client.py,296,20,error,"Type ""str | None"" is not assignable to return type ""BaseModel | str""
  Type ""str | None"" is not assignable to type ""BaseModel | str""
    Type ""None"" is not assignable to type ""BaseModel | str""
      ""None"" is not assignable to ""BaseModel""
      ""None"" is not assignable to ""str"""
reportReturnType,/workspace/app/services/openai_client.py,328,20,error,"Type ""str | None"" is not assignable to return type ""BaseModel | str""
  Type ""str | None"" is not assignable to type ""BaseModel | str""
    Type ""None"" is not assignable to type ""BaseModel | str""
      ""None"" is not assignable to ""BaseModel""
      ""None"" is not assignable to ""str"""
reportReturnType,/workspace/ingest/preprocess_sn_o3.py,154,16,error,"Type ""BaseModel"" is not assignable to return type ""ParsedRuling | bytes""
  Type ""BaseModel"" is not assignable to type ""ParsedRuling | bytes""
    ""BaseModel"" is not assignable to ""ParsedRuling""
    ""BaseModel"" is not assignable to ""bytes"""
reportUnboundVariable,/workspace/tests/integration/test_openai_integration.py,176,87,error,"""i"" is unbound"
reportUndefinedVariable,/workspace/app/worker/tasks/preprocess_sn_o3.py,83,43,error,"""ChatOpenAI"" is not defined"
reportUndefinedVariable,/workspace/app/worker/tasks/preprocess_sn_o3.py,87,12,error,"""ChatOpenAI"" is not defined"
reportUndefinedVariable,/workspace/app/worker/tasks/preprocess_sn_o3.py,140,14,error,"""PydanticOutputParser"" is not defined"
reportUndefinedVariable,/workspace/app/worker/tasks/preprocess_sn_o3.py,165,24,error,"""ParsedResponse"" is not defined"
reportUndefinedVariable,/workspace/app/worker/tasks/preprocess_sn_o3.py,167,20,error,"""client"" is not defined"
reportUndefinedVariable,/workspace/app/worker/tasks/preprocess_sn_o3.py,305,18,error,"""PydanticOutputParser"" is not defined"
reportUndefinedVariable,/workspace/app/worker/tasks/preprocess_sn_o3.py,330,23,error,"""ParsedResponse"" is not defined"
reportUndefinedVariable,/workspace/app/worker/tasks/preprocess_sn_o3.py,330,55,error,"""client"" is not defined"
reportUndefinedVariable,/workspace/app/worker/tasks/preprocess_sn_o3.py,395,29,error,"""PromptTemplate"" is not defined"
reportUndefinedVariable,/workspace/app/worker/tasks/preprocess_sn_o3.py,432,9,error,"""HumanMessage"" is not defined"
reportUndefinedVariable,/workspace/app/worker/tasks/preprocess_sn_o3.py,528,10,error,"""OpenAI"" is not defined"
reportUndefinedVariable,/workspace/ingest/preprocess_sn_o3.py,369,11,error,"""get_o3_client"" is not defined"
reportUndefinedVariable,/workspace/ingest/preprocess_sn_o3.py,371,29,error,"""PromptTemplate"" is not defined"
reportUndefinedVariable,/workspace/ingest/preprocess_sn_o3.py,407,17,error,"""HumanMessage"" is not defined"
reportUndefinedVariable,/workspace/ingest/preprocess_sn_o3.py,493,10,error,"""OpenAI"" is not defined"
unknown,/workspace/ingest/embed.py,384,29,error,Statements must be separated by newlines or semicolons
